myst,mysty,group
-1.75,-0.35650529867245334,0
-1.4318181818181819,-0.736295916920447,0
-1.1136363636363638,-0.8033358266142998,1
-0.7954545454545454,-0.44279480076218586,0
-0.4772727272727273,-0.7394238202151352,0
-0.15909090909090917,1.0228691419067744,1
0.15909090909090917,0.2598745531921748,1
0.47727272727272707,-0.36461876482321615,0
0.7954545454545454,1.2797685455251344,1
1.1136363636363638,-0.17902315435986588,1
1.4318181818181817,0.4394921181519583,1
1.75,0.538820149167899,0
